{"cameraMode":{"drawMode":0,"name":"Shaded","section":"Shading Mode"},"sceneLighting":true,"audioPlay":false,"sceneViewState":{"showFog":true,"showMaterialUpdate":true,"showSkybox":true,"showFlares":true,"showImageEffects":true,"showParticleSystems":true},"in2DMode":false,"pivot":{"x":1.0346121788024903,"y":-2.0415639877319338,"z":-3.529254913330078},"rotation":{"x":0.008613812737166882,"y":-0.9807319045066834,"z":0.19003842771053315,"w":0.04445471242070198},"size":22.0,"orthographic":false}