{"cameraMode":{"drawMode":0,"name":"Shaded","section":"Shading Mode"},"sceneLighting":true,"audioPlay":false,"sceneViewState":{"showFog":true,"showMaterialUpdate":true,"showSkybox":true,"showFlares":true,"showImageEffects":true,"showParticleSystems":true},"in2DMode":false,"pivot":{"x":1.2304705381393433,"y":-4.053900241851807,"z":-16.348791122436525},"rotation":{"x":-0.005700742360204458,"y":-0.9470900893211365,"z":0.32049790024757388,"w":-0.016402428969740869},"size":46.38813400268555,"orthographic":false}